{"success_rate": {"0": 0.0, "1": 0.0, "2": 0.0, "3": 0.0, "4": 0.0, "5": 0.0, "6": 0.0, "7": 0.0, "8": 0.0, "9": 0.0, "10": 0.0, "11": 0.0}, "ave_turns": {"0": 42.0, "1": 42.0, "2": 34.92, "3": 25.08, "4": 34.32, "5": 28.52, "6": 6.76, "7": 4.0, "8": 7.4, "9": 33.8, "10": 38.56, "11": 34.36}, "ave_reward": {"0": -60.0, "1": -60.0, "2": -56.46, "3": -51.54, "4": -56.16, "5": -53.26, "6": -42.38, "7": -41.0, "8": -42.7, "9": -55.9, "10": -58.28, "11": -56.18}, "use_world_model": {}, "agent_world_model_buffer_size": {"0": 40, "1": 80, "2": 120, "3": 160, "4": 200, "5": 240, "6": 280, "7": 320, "8": 360, "9": 400, "10": 440, "11": 480}, "agent_user_buffer_size": {"0": 410, "1": 420, "2": 430, "3": 440, "4": 450, "5": 460, "6": 470, "7": 480, "8": 490, "9": 500, "10": 510, "11": 520}, "discriminator_loss": {}, "world_model_loss": {"0": 0.7669229031741761, "1": 0.5859368786013504, "2": 0.4095943772252126, "3": 0.38604209836849496, "4": 0.4897432535001547, "5": 0.3546425126804598, "6": 0.2674894137533461, "7": 0.3041510991684044, "8": 0.31179744175502233, "9": 0.2951420375279018, "10": 0.2955335751297821, "11": 0.2524934358234647}, "world_model_buffer_size": {"0": 421, "1": 442, "2": 463, "3": 484, "4": 505, "5": 526, "6": 537, "7": 547, "8": 560, "9": 581, "10": 611, "11": 632}}